variant,demand_direction,isru_direction,pass_radius,fail_radius,demand_fail,isru_reduction_fail,first_rule,first_year,first_month,actual,limit,excess
without_measure,1.0,0.0,6.625004971283488e-07,6.625014066230506e-07,6.625014066230506e-07,0.0,RESERVE_45D,2040,1,55.294556180328016,55.29455718064284,1.0003148247506033e-06
without_measure,1.0,0.25,6.307200237642974e-07,6.307209332589991e-07,6.307209332589991e-07,1.5768023331474978e-07,RESERVE_45D,2040,1,55.294554423158075,55.2945554233568,1.00019872206758e-06
without_measure,1.0,0.5,6.018490239512175e-07,6.018499334459193e-07,6.018499334459193e-07,3.0092496672295965e-07,RESERVE_45D,2040,1,55.29455282685794,55.29455382694871,1.000090769309736e-06
without_measure,1.0,0.75,5.755055099143647e-07,5.755064194090664e-07,5.755064194090664e-07,4.3162981455679983e-07,RESERVE_45D,2040,1,55.29455137025526,55.29455237029673,1.0000414647493017e-06
without_measure,1.0,1.0,5.5137206800282e-07,5.513729774975218e-07,5.513729774975218e-07,5.513729774975218e-07,RESERVE_45D,2040,1,55.294550035320526,55.294551035849636,1.0005291102288538e-06
without_measure,0.75,1.0,6.962336556171067e-07,6.962345651118085e-07,5.221759238338564e-07,6.962345651118085e-07,RESERVE_45D,2040,1,55.29454842111842,55.29454942141255,1.0002941266407106e-06
without_measure,0.5,1.0,9.443392627872527e-07,9.443401722819544e-07,4.721700861409772e-07,9.443401722819544e-07,RESERVE_45D,2040,1,55.29454565633543,55.294546656363735,1.0000283054978354e-06
without_measure,0.25,1.0,1.4671732060378417e-06,1.4671741155325435e-06,3.667935288831359e-07,1.4671741155325435e-06,RESERVE_45D,2040,1,55.29453982947794,55.294540829617524,1.0001395835956828e-06
without_measure,0.0,1.0,3.287044819444418e-06,3.2870457289391197e-06,0.0,3.2870457289391197e-06,RESERVE_45D,2040,1,55.294519547828955,55.2945205479452,1.000116242266813e-06
physical_stock,1.0,0.0,0.012100280817321618,0.012100280818231113,0.012100280818231113,0.0,RESERVE_45D,2040,1,55.96359877364954,55.963599774284795,1.000635258208149e-06
physical_stock,1.0,0.25,0.011519828056407277,0.011519828057316772,0.011519828057316772,0.002879957014329193,RESERVE_45D,2040,1,55.931502916556255,55.9315039171693,1.0006130466422292e-06
physical_stock,1.0,0.5,0.010992515030011418,0.010992515030920913,0.010992515030920913,0.0054962575154604565,RESERVE_45D,2040,1,55.90234539556647,55.90234639619605,1.0006295809716903e-06
physical_stock,1.0,0.75,0.010511363831028575,0.01051136383193807,0.01051136383193807,0.007883522873953552,RESERVE_45D,2040,1,55.87574037124213,55.875741371337234,1.0000951036204242e-06
physical_stock,1.0,1.0,0.010070567035654676,0.01007056703656417,0.01007056703656417,0.01007056703656417,RESERVE_45D,2040,1,55.85136672387398,55.85136772387796,1.000003976514563e-06
physical_stock,0.75,1.0,0.012716401858597237,0.012716401859506732,0.009537301394630049,0.012716401859506732,RESERVE_45D,2040,1,55.821880055427314,55.821881055882514,1.00045519957348e-06
physical_stock,0.5,1.0,0.017247945606868598,0.017247945607778092,0.008623972803889046,0.017247945607778092,RESERVE_45D,2040,1,55.771377989280765,55.77137898935476,1.0000739933957448e-06
physical_stock,0.25,1.0,0.026797264489687223,0.026797264490596717,0.006699316122649179,0.026797264490596717,RESERVE_45D,2040,1,55.66495502068051,55.66495602094621,1.0002656978258528e-06
physical_stock,0.0,1.0,0.06003639049231424,0.060036390493223735,0.0,0.060036390493223735,RESERVE_45D,2040,1,55.294519547940794,55.2945205479452,1.0000044028402044e-06
reservation_1t_per_year,1.0,0.0,6.625004971283488e-07,6.625014066230506e-07,6.625014066230506e-07,0.0,RESERVE_45D,2040,1,55.294556180328016,55.29455718064284,1.0003148247506033e-06
reservation_1t_per_year,1.0,0.25,6.307200237642974e-07,6.307209332589991e-07,6.307209332589991e-07,1.5768023331474978e-07,RESERVE_45D,2040,1,55.294554423158075,55.2945554233568,1.00019872206758e-06
reservation_1t_per_year,1.0,0.5,6.018490239512175e-07,6.018499334459193e-07,6.018499334459193e-07,3.0092496672295965e-07,RESERVE_45D,2040,1,55.29455282685794,55.29455382694871,1.000090769309736e-06
reservation_1t_per_year,1.0,0.75,5.755055099143647e-07,5.755064194090664e-07,5.755064194090664e-07,4.3162981455679983e-07,RESERVE_45D,2040,1,55.29455137025526,55.29455237029673,1.0000414647493017e-06
reservation_1t_per_year,1.0,1.0,5.5137206800282e-07,5.513729774975218e-07,5.513729774975218e-07,5.513729774975218e-07,RESERVE_45D,2040,1,55.294550035320526,55.294551035849636,1.0005291102288538e-06
reservation_1t_per_year,0.75,1.0,6.962336556171067e-07,6.962345651118085e-07,5.221759238338564e-07,6.962345651118085e-07,RESERVE_45D,2040,1,55.29454842111842,55.29454942141255,1.0002941266407106e-06
reservation_1t_per_year,0.5,1.0,9.443392627872527e-07,9.443401722819544e-07,4.721700861409772e-07,9.443401722819544e-07,RESERVE_45D,2040,1,55.29454565633543,55.294546656363735,1.0000283054978354e-06
reservation_1t_per_year,0.25,1.0,1.4671732060378417e-06,1.4671741155325435e-06,3.667935288831359e-07,1.4671741155325435e-06,RESERVE_45D,2040,1,55.29453982947794,55.294540829617524,1.0001395835956828e-06
reservation_1t_per_year,0.0,1.0,3.287044819444418e-06,3.2870457289391197e-06,0.0,3.2870457289391197e-06,RESERVE_45D,2040,1,55.294519547828955,55.2945205479452,1.000116242266813e-06
reservation_full,1.0,0.0,6.625004971283488e-07,6.625014066230506e-07,6.625014066230506e-07,0.0,RESERVE_45D,2040,1,55.294556180328016,55.29455718064284,1.0003148247506033e-06
reservation_full,1.0,0.25,6.307200237642974e-07,6.307209332589991e-07,6.307209332589991e-07,1.5768023331474978e-07,RESERVE_45D,2040,1,55.294554423158075,55.2945554233568,1.00019872206758e-06
reservation_full,1.0,0.5,6.018490239512175e-07,6.018499334459193e-07,6.018499334459193e-07,3.0092496672295965e-07,RESERVE_45D,2040,1,55.29455282685794,55.29455382694871,1.000090769309736e-06
reservation_full,1.0,0.75,5.755055099143647e-07,5.755064194090664e-07,5.755064194090664e-07,4.3162981455679983e-07,RESERVE_45D,2040,1,55.29455137025526,55.29455237029673,1.0000414647493017e-06
reservation_full,1.0,1.0,5.5137206800282e-07,5.513729774975218e-07,5.513729774975218e-07,5.513729774975218e-07,RESERVE_45D,2040,1,55.294550035320526,55.294551035849636,1.0005291102288538e-06
reservation_full,0.75,1.0,6.962336556171067e-07,6.962345651118085e-07,5.221759238338564e-07,6.962345651118085e-07,RESERVE_45D,2040,1,55.29454842111842,55.29454942141255,1.0002941266407106e-06
reservation_full,0.5,1.0,9.443392627872527e-07,9.443401722819544e-07,4.721700861409772e-07,9.443401722819544e-07,RESERVE_45D,2040,1,55.29454565633543,55.294546656363735,1.0000283054978354e-06
reservation_full,0.25,1.0,1.4671732060378417e-06,1.4671741155325435e-06,3.667935288831359e-07,1.4671741155325435e-06,RESERVE_45D,2040,1,55.29453982947794,55.294540829617524,1.0001395835956828e-06
reservation_full,0.0,1.0,3.287044819444418e-06,3.2870457289391197e-06,0.0,3.2870457289391197e-06,RESERVE_45D,2040,1,55.294519547828955,55.2945205479452,1.000116242266813e-06
zbo_1month_earlier,1.0,0.0,0.000805191107247083,0.0008051911081565777,0.0008051911081565777,0.0,RESERVE_45D,2040,1,55.3390422036036,55.33904320422019,1.0006165922504806e-06
zbo_1month_earlier,1.0,0.25,0.000766565936828556,0.0007665659377380507,0.0007665659377380507,0.00019164148443451268,RESERVE_45D,2040,1,55.336906443752724,55.33690744394082,1.0001880923482531e-06
zbo_1month_earlier,1.0,0.5,0.0007314768536161864,0.0007314768545256811,0.0007314768545256811,0.00036573842726284056,RESERVE_45D,2040,1,55.33496620976871,55.33496720990812,1.0001394130654262e-06
zbo_1month_earlier,1.0,0.75,0.0006994595250944258,0.0006994595260039205,0.0006994595260039205,0.0005245946445029404,RESERVE_45D,2040,1,55.33319582693325,55.33319682707828,1.000145033458466e-06
zbo_1month_earlier,1.0,1.0,0.0006701275069644907,0.0006701275078739855,0.0006701275078739855,0.0006701275078739855,RESERVE_45D,2040,1,55.33157392681066,55.331574927199085,1.0003884227671733e-06
zbo_1month_earlier,0.75,1.0,0.0008461897568849963,0.000846189757794491,0.0006346423183458683,0.000846189757794491,RESERVE_45D,2040,1,55.32961179062299,55.32961279065757,1.0000345795901922e-06
zbo_1month_earlier,0.5,1.0,0.0011477330672278185,0.0011477330681373132,0.0005738665340686566,0.0011477330681373132,RESERVE_45D,2040,1,55.326251222576715,55.32625222280504,1.0002283232779519e-06
zbo_1month_earlier,0.25,1.0,0.0017831750674304203,0.001783175068339915,0.00044579376708497875,0.001783175068339915,RESERVE_45D,2040,1,55.319169500385584,55.31917050055942,1.0001738388609738e-06
zbo_1month_earlier,0.0,1.0,0.003995012055383995,0.00399501205629349,0.0,0.00399501205629349,RESERVE_45D,2040,1,55.294519547815355,55.2945205479452,1.0001298420547755e-06
early_zbo,1.0,0.0,0.01193355773921212,0.011933557740121614,0.011933557740121614,0.0,RESERVE_45D,2040,1,55.95437990135039,55.95438090161644,1.0002660459917934e-06
early_zbo,1.0,0.25,0.011361102716364258,0.011361102717273752,0.011361102717273752,0.002840275679318438,RESERVE_45D,2040,1,55.92272627500802,55.92272727559282,1.0005848025684827e-06
early_zbo,1.0,0.5,0.010841055243872688,0.010841055244782183,0.010841055244782183,0.005420527622391091,RESERVE_45D,2040,1,55.89397049986168,55.89397149993923,1.0000775461094236e-06
early_zbo,1.0,0.75,0.010366533561864344,0.010366533562773839,0.010366533562773839,0.007774900172080379,RESERVE_45D,2040,1,55.86773205094981,55.86773305104297,1.0000931567333282e-06
early_zbo,1.0,1.0,0.009931810262060026,0.00993181026296952,0.00993181026296952,0.00993181026296952,RESERVE_45D,2040,1,55.84369423435055,55.843695234609264,1.0002587131907603e-06
early_zbo,0.75,1.0,0.0125411895896832,0.012541189590592694,0.00940589219294452,0.012541189590592694,RESERVE_45D,2040,1,55.81461384677674,55.81461484707973,1.0003029942140529e-06
early_zbo,0.5,1.0,0.017010295703585143,0.017010295704494638,0.008505147852247319,0.017010295704494638,RESERVE_45D,2040,1,55.76480762022622,55.764808620624606,1.0003983845763287e-06
early_zbo,0.25,1.0,0.026428039801430714,0.02642803980234021,0.006607009950585052,0.02642803980234021,RESERVE_45D,2040,1,55.659850995308204,55.65985199541831,1.000110103177576e-06
early_zbo,0.0,1.0,0.05920918227002403,0.059209182270933525,0.0,0.059209182270933525,RESERVE_45D,2040,1,55.29451954786617,55.2945205479452,1.000079024038314e-06
early_zbo_plus_stock,1.0,0.0,0.012074503113581159,0.012074503114490653,0.012074503114490653,0.0,RESERVE_45D,2040,1,55.96217340845132,55.96217440851564,1.0000643158036837e-06
early_zbo_plus_stock,1.0,0.25,0.011495286914396274,0.011495286915305769,0.011495286915305769,0.0028738217288264423,RESERVE_45D,2040,1,55.93014592614584,55.9301469264881,1.000342258805631e-06
early_zbo_plus_stock,1.0,0.5,0.010969097244014847,0.010969097244924342,0.010969097244924342,0.005484548622462171,RESERVE_45D,2040,1,55.901050520298156,55.90105152094708,1.0006489219449577e-06
early_zbo_plus_stock,1.0,0.75,0.010488971061022312,0.010488971061931807,0.010488971061931807,0.007866728296448855,RESERVE_45D,2040,1,55.87450217315447,55.87450317385599,1.000701523423686e-06
early_zbo_plus_stock,1.0,1.0,0.010049113311652036,0.01004911331256153,0.01004911331256153,0.01004911331256153,RESERVE_45D,2040,1,55.85018045045858,55.850181450495256,1.0000366756912626e-06
early_zbo_plus_stock,0.75,1.0,0.012689311608482967,0.012689311609392462,0.009516983707044346,0.012689311609392462,RESERVE_45D,2040,1,55.82075659887104,55.82075759908882,1.0002177788237532e-06
early_zbo_plus_stock,0.5,1.0,0.01721120163165324,0.017211201632562734,0.008605600816281367,0.017211201632562734,RESERVE_45D,2040,1,55.77036211904688,55.77036311910849,1.0000616086358605e-06
early_zbo_plus_stock,0.25,1.0,0.026740177225292427,0.026740177226201922,0.0066850443065504805,0.026740177226201922,RESERVE_45D,2040,1,55.664165867630814,55.66416686771768,1.0000868684301167e-06
early_zbo_plus_stock,0.0,1.0,0.0599084926143405,0.05990849261525,0.0,0.05990849261525,RESERVE_45D,2040,1,55.294519547939274,55.2945205479452,1.000005923401659e-06
